id,name,category,qty,price,note,url,status,build,date
p001,APS 8072S-class motor,Drive,1,220,"Motor allowance; confirm exact winding, shaft and mount. Not a supplier quote.",,Estimate,both,
p002,ODrive Pro ODv44-ST,Drive,1,229,Controller only; heat spreader is separate.,https://shop.odriverobotics.com/products/odrive-pro,Source price,both,"Checked Oct 2, 2026"
p003,ODrive Pro heat spreader,Drive,1,25,Thermal hardware allowance.,https://shop.odriverobotics.com/,Estimate,both,
p004,USB isolator for controller setup,Electronics,1,35,Setup accessory allowance; controller USB/DC isolation requirement.,https://shop.odriverobotics.com/,Estimate,both,
p005,NBK MSTS-25-10-12 coupling,Drive,1,40,10 mm motor shaft to 12 mm drum shaft; quote required.,,Estimate,both,
p006,12 mm steel drum shaft,Drive,1,15,Stock length plus cutting to 176 mm allowance.,,Estimate,both,
p007,"6001-2RS bearings, 2-pack",Drive,1,6.95,Two bearings required.,https://www.amazon.com/dp/B07GVN7GQ7,Recorded price,both,"Oct 2, 2026"
p008,goBILDA 1301-0016-0012 hub,Drive,2,9.99,12 mm round-bore hub; unit allowance.,https://www.gobilda.com/,Estimate,both,
p009,goBILDA 8 mm REX hub,Drive,1,9.99,Shaft-2 gear hub; exact SKU must be confirmed.,https://www.gobilda.com/,Estimate,both,
p010,goBILDA 2302-0014-0060 60T gear,Drive,2,19.99,MOD 0.8 steel gear; unit allowance.,https://www.gobilda.com/,Estimate,both,
p011,"20T pinion, 8 mm REX",Drive,1,10.59,2303-4008-0020.,https://www.gobilda.com/2303-series-steel-mod-0-8-pinion-gear-8mm-rex-bore-20-tooth/,Recorded price,both,Sep 2026
p012,"20T pinion, 6 mm D-bore",Drive,1,10.59,2303-1006-0020.,https://www.gobilda.com/pinion-gears/,Recorded price,both,Sep 2026
p013,"8 mm REX shaft, 56 mm",Drive,1,4.49,"2106-4008-0560, with E-clip.",https://www.gobilda.com/2106-series-stainless-steel-rex-shaft-8mm-diameter-56mm-length/,Recorded price,both,Sep 2026
p014,"8 mm REX flanged bearings, 2-pack",Drive,1,5.99,1611-0514-4008; two required.,https://www.gobilda.com/1611-series-flanged-ball-bearing-8mm-rex-id-x-14mm-od-5mm-thickness-2-pack/,Recorded price,both,Sep 2026
p015,"6 mm D-shaft, 60 mm",Drive,1,5,2101-0006-0060; stock allowance.,https://www.servocity.com/6mm-stainless-steel-d-shafting/,Estimate,both,
p016,"6 mm flanged bearings, 2-pack",Drive,1,6,6 x 14 x 5 mm; two required.,https://www.gobilda.com/1601-series-flanged-ball-bearing-6mm-id-x-14mm-od-5mm-thickness-2-pack/,Estimate,both,
p017,KHK SW0.8-R1 steel worm,Drive,1,14.67,Current released worm for both builds; printed replacement is still in development.,https://shop.sdp-si.com/ksw08-r1.html,Recorded price,both,Oct 2026
p018,6809-2RS carrier bearing,Fairlead & rope,1,7.79,45 x 58 x 7 mm.,https://www.amazon.com/dp/B07RVJJPVG,Recorded price,both,"Oct 2, 2026"
p019,"6808-2RS bearings, 2-pack",Fairlead & rope,1,7.39,40 x 52 x 7 mm; two required.,https://www.amazon.com/dp/B0CRLGD5GL,Recorded price,both,"Oct 2, 2026"
p020,"625ZZ bearings, 20-pack",Fairlead & rope,1,8.79,"5 x 16 x 5 mm; two used, remainder spare.",https://www.amazon.com/dp/B0GCZBYBSD,Recorded price,both,"Oct 2, 2026"
p021,"688ZZ bearings, 5-pack",Fairlead & rope,1,5.99,8 x 16 x 5 mm; two used in the sheave.,https://www.amazon.com/dp/B08199J4RJ,Recorded price,both,"Oct 2, 2026"
p022,"U625ZZ nylon groove pulleys, pair",Fairlead & rope,1,10,Two 5 x 20 x 7 mm exit pulleys; allowance.,,Estimate,both,
p023,"316 stainless oval rings, 6-pack",Fairlead & rope,1,9.99,11 x 38 mm; one used.,https://www.amazon.com/dp/B0DQCTS4H4,Recorded price,both,"Oct 2, 2026"
p024,1/8 in UHMWPE rope,Fairlead & rope,1,15,About 3 m needed; retail-length allowance. Confirm rope rating.,,Estimate,both,
p025,Sheave axle hardware,Fairlead & rope,1,8,Allowance only: final stock axle and pocket fit remain unresolved.,,Estimate,both,
p026,PTFE / lithium grease,Consumables,1,10,One tube for worm and gear lubrication.,https://www.amazon.com/dp/B000XBH9HI,Estimate,both,
p027,Thunder Power TP2700-5SR70,Power,2,102.99,"5S 2.7 Ah LiPo, EC5 leads. Two packs in series.",https://www.thunderpowerrc.com/products/tp2700-5sr70,Source price,both,"Checked Oct 2, 2026"
p028,JBD / LLT SP17S005 BMS,Power,1,45,"10S, 60 A, soft switch, NTC and setup adapter; allowance.",,Estimate,both,
p029,Littelfuse MIDI 58 V holder,Power,1,20,04980921GXM5; allowance.,https://www.waytekwire.com/product/littelfuse-inline-midi-fuse-holder-04980921gxm5,Estimate,both,
p030,Littelfuse 40 A 58 V BF1 fuse,Power,2,6,142.5631.5402; one installed plus one spare.,https://nationalfuse.com/shop/142-5631-5402/,Estimate,both,
p031,MINI 58 V 3 A fuse,Power,2,4,0997003.WXN; one installed plus spare.,https://www.newark.com/littelfuse/0997003-wxn/automotive-fuse-fast-acting-3a/dp/79J5391,Estimate,both,
p032,MINI 58 V 7.5 A fuse,Power,2,4,One installed plus spare; verify 58 V rating.,,Estimate,both,
p033,"Inline MINI fuse holders, 10-pack",Power,1,6.89,16 AWG; two used.,https://www.amazon.com/dp/B07MQZ9Q8L,Recorded price,both,Sep 2026
p034,"WAGO 221-615, 15-pack",Power,1,24.39,Five-port 10 AWG connector; one used.,https://www.amazon.com/dp/B07CJR8MH4,Recorded price,both,Sep 2026
p035,"Amass XT60E-F, 10-pack",Power,1,9.88,Panel charge socket; one used.,https://www.amazon.com/dp/B09SL2MNN1,Recorded price,both,Sep 2026
p036,"APIELE 12 mm latching switch, 2-pack",Power,1,8.99,BMS signal switch; LED not wired in reference.,https://www.amazon.com/dp/B083QMF2J1,Recorded price,both,Sep 2026
p037,"EC5 connectors, 10 pairs",Power,1,15.99,Retail pack for pack and BMS connections.,https://www.amazon.com/dp/B08GPR7SVR,Recorded price,both,Sep 2026
p038,"5S JST-XH balance leads, 10-pack",Power,1,6.99,Pack-to-BMS sense harness.,https://www.amazon.com/dp/B073ZGF8D9,Recorded price,both,Sep 2026
p039,"Silicone wire, mixed gauges",Power,1,45,10/12/16/18/20/22/24 AWG purchasing allowance; lengths in wiring guide.,,Estimate,both,
p040,"M5 ring terminals, pack",Power,1,9.99,12–10 AWG terminals; verify selected listing.,https://www.amazon.com/dp/B0DM8FW4LV,Recorded price,both,Sep 2026
p041,Ferrules & heat-shrink,Power,1,15,Consumables allowance; crimping tools excluded.,,Estimate,both,
p042,Luna Mini 42 V / 4 A charger,Power,1,59.95,"10S charger, XT60 plug; check configuration.",https://lunacycle.com/36v-4amp-luna-mini-charger/,Recorded price,both,Oct 2026
p043,Raspberry Pi 4 Model B,Electronics,1,55,2 GB reference budget; actual memory variant/retailer may differ.,https://www.raspberrypi.com/products/raspberry-pi-4-model-b/,Estimate,both,
p044,MicroSD card,Electronics,1,10,OS storage allowance; Pi image not released.,,Estimate,both,
p045,Waveshare 4 inch DPI LCD (C),Electronics,1,54.99,720 x 720 square capacitive display.,https://www.waveshare.com/product/4inch-dpi-lcd-c.htm,Source price,both,"Checked Oct 2, 2026"
p046,Teensy 4.0,Electronics,1,25,Board allowance; use non-lockable reference.,https://www.pjrc.com/store/teensy40.html,Estimate,both,
p047,Low-profile female header strips,Electronics,1,8,Two 14-pin sockets for Teensy; pack allowance.,https://www.amazon.com/dp/B0948H7FPP,Estimate,both,
p048,Waveshare SN65HVD230 CAN board,Electronics,1,10.99,3.3 V CAN transceiver.,https://www.amazon.com/dp/B00KM6XMXO,Recorded price,both,"Oct 2, 2026"
p049,Pololu D42V55F5 regulator,Electronics,1,39.95,"#5571, 5 V output, 60 V maximum input.",https://www.pololu.com/product/5571,Source price,both,"Checked Oct 2, 2026"
p050,Noctua NF-A4x10 5V fan,Electronics,1,17,Non-PWM reference; unit allowance.,https://www.amazon.com/dp/B00NEMGCIA,Estimate,both,
p051,"Prototype perfboards, pack",Electronics,1,10,Three cut boards used.,https://www.amazon.com/dp/B072Z7Y19F,Estimate,both,
p052,"Right-angle micro-USB cable, pack",Electronics,1,10,Short setup/board cable.,https://www.amazon.com/dp/B08BZD66H4,Estimate,both,
p053,"6061 flat bars, pair",Fabrication,1,15,1 x 1/4 x 12 in; drill and countersink.,https://www.amazon.com/dp/B0CJ7V24MN,Estimate,printed,
p054,"Bearing cheeks, four cut plates",Fabrication,1,30,"2 mm steel; fabrication allowance, get a quote.",,Estimate,both,
p055,Rope anchor clamp plate,Fabrication,1,10,"2 mm steel; fabrication allowance, get a quote.",,Estimate,both,
p056,Motor face plate,Fabrication,1,20,4 mm aluminum or steel; fabrication allowance.,,Estimate,both,
p057,CNC aluminum bottom plate,Fabrication,1,160,"6061, 5 mm, tapped; allowance, not a machining quote.",,Estimate,cnc,
p058,CNC rear plate & welding,Fabrication,1,90,"6061, 6 mm; fabrication and weld allowance.",,Estimate,cnc,
p059,"PAHT-CF filament, 1 kg spool",Fabrication,2,60,Two-spool purchase budget; includes covers and printed drivetrain parts.,https://www.amazon.com/dp/B0F37YW223,Estimate,printed,
p060,"PAHT-CF filament, 1 kg spool",Fabrication,1,60,"Shared covers, mounts and fairlead parts remain printed.",https://www.amazon.com/dp/B0F37YW223,Estimate,cnc,
p061,1 mm EVA foam roll,Consumables,1,10,Battery pad material; allowance.,https://www.amazon.com/dp/B0BXJHVH5M,Estimate,both,
p062,2 mm EVA foam sheet,Consumables,1,10,Battery separator and retention pads.,https://www.amazon.com/dp/B08YXYN327,Estimate,both,
p063,Cable ties & thread locker,Consumables,1,12,Assembly consumables allowance.,,Estimate,both,
p064,1 inch steel rack hitch pin,Mount & handle,1,20,Rack connection allowance; verify usable pin length.,,Estimate,both,
p065,Straight bar & carabiner,Mount & handle,1,35,Training attachment allowance; rack itself excluded.,,Estimate,both,
p066,Metric socket screw assortment,Fasteners,1,22.99,Purchase pack; exact installed sizes/counts are in the hardware manifest.,https://www.amazon.com/dp/B0FJFVG31G,Recorded price,both,"Oct 2, 2026"
p067,M4 button-head assortment,Fasteners,1,9.59,Purchase pack; exact installed sizes/counts are in the hardware manifest.,https://www.amazon.com/dp/B0BJQ4M7D5,Recorded price,both,"Oct 2, 2026"
p068,Set-screw assortment,Fasteners,1,5.99,Purchase pack; exact installed sizes/counts are in the hardware manifest.,https://www.amazon.com/dp/B0DQJMBLNB,Recorded price,both,"Oct 2, 2026"
p069,"5 x 25 M4 shoulder bolts, 5-pack",Fasteners,1,10,Purchase pack; exact installed sizes/counts are in the hardware manifest.,https://www.amazon.com/dp/B077GXTHWN,Estimate,both,
p070,"5 x 16 M4 shoulder bolts, 10-pack",Fasteners,1,10,Purchase pack; exact installed sizes/counts are in the hardware manifest.,https://www.amazon.com/dp/B077GYHYSB,Estimate,both,
p071,"M5 shim washers, pack",Fasteners,1,8,Purchase pack; exact installed sizes/counts are in the hardware manifest.,https://www.amazon.com/dp/B0BRTXF1SG,Estimate,both,
p072,M2/M3/M4/M5 heat-set insert kit,Fasteners,1,25,Purchase pack; exact installed sizes/counts are in the hardware manifest.,https://www.amazon.com/dp/B08K1BVGN9,Estimate,both,
p073,"M2.5 heat-set inserts, pack",Fasteners,1,10,Purchase pack; exact installed sizes/counts are in the hardware manifest.,https://www.amazon.com/dp/B0CS6YVJYD,Estimate,both,
p074,M3 flat-head assortment,Fasteners,1,15,Purchase pack; exact installed sizes/counts are in the hardware manifest.,https://www.amazon.com/dp/B0GS8FZLTK,Estimate,both,
p075,"M3 x 25 flat-head screws, pack",Fasteners,1,8,Purchase pack; exact installed sizes/counts are in the hardware manifest.,https://www.amazon.com/dp/B0H5JVF4K4,Estimate,both,
p076,"M4 x 10 flat-head screws, pack",Fasteners,1,8,Purchase pack; exact installed sizes/counts are in the hardware manifest.,https://www.amazon.com/dp/B0956VQVJ2,Estimate,both,
p077,M4 flat-head assortment,Fasteners,1,12,Purchase pack; exact installed sizes/counts are in the hardware manifest.,https://www.amazon.com/dp/B0CW5Y4RQY,Estimate,both,
p078,"M2.5 x 5 flat-head screws, pack",Fasteners,1,8,Purchase pack; exact installed sizes/counts are in the hardware manifest.,https://www.amazon.com/dp/B0CG1NVX6J,Estimate,both,
p079,M2.5 socket screw assortment,Fasteners,1,12,Purchase pack; exact installed sizes/counts are in the hardware manifest.,https://www.amazon.com/dp/B0FG2BYJSR,Estimate,both,
p080,"M2.5 x 5 socket screws, pack",Fasteners,1,8,Purchase pack; exact installed sizes/counts are in the hardware manifest.,https://www.amazon.com/dp/B0GM84W3X8,Estimate,both,
p081,"M3 x 14 socket screws, pack",Fasteners,1,9,Purchase pack; exact installed sizes/counts are in the hardware manifest.,https://www.amazon.com/dp/B0GHMWMMN4,Estimate,both,
p082,"M3 x 25 socket screws, pack",Fasteners,1,9,Purchase pack; exact installed sizes/counts are in the hardware manifest.,https://www.amazon.com/dp/B07CMQMHGY,Estimate,both,
p083,Lock-nut & washer assortment,Fasteners,1,12,Purchase pack; exact installed sizes/counts are in the hardware manifest.,https://www.amazon.com/dp/B0F1FGKC1C,Estimate,both,
p084,Plain hex-nut assortment,Fasteners,1,9,Purchase pack; exact installed sizes/counts are in the hardware manifest.,https://www.amazon.com/dp/B097N3SGCD,Estimate,both,
p085,"M6 x 16 countersunk screws, pack",Fasteners,1,8,Four used for CNC variant; allowance.,,Estimate,cnc,
